title,artist,bpm,key,energy,genre,mood,notes
Sunrise Groove,DJ Example,120,8A,4,house,chill,Vocals at 0:32; outro starts 5:10
Midnight Drive,Neon Sample,122,9A,5,house,dark,Beat drop at 1:04
Golden Hour,The Placeholders,121,8B,5,house,happy,Long 32-bar intro - good for mixing in
Lost Signals,Test Pattern,124,9A,6,tech house,dark,Drop at 1:20; vocal loop 2:40
Ocean Floor,Deep Blue Demo,118,7A,3,deep house,chill,Quiet outro from 4:45
Skyline,City Lights Demo,124,10A,6,house,happy,Vocals start 0:45
Pulse,Rhythm Section,126,10A,7,tech house,dark,Big drop at 1:36
Electric Feel Demo,Voltage,126,11A,7,tech house,dark,No vocals - easy to layer
Higher Ground,Uplift,128,11B,8,progressive house,happy,Breakdown 2:30; drop 3:00
Night Rider,Neon Sample,128,10A,8,techno,dark,Drop at 1:04
Peak Time,Main Room,128,11A,9,techno,dark,Long intro; drop at 1:52
Afterglow,The Placeholders,125,9B,6,house,happy,Piano intro 0:00-0:30
Warm Up,Opening Act,115,8A,2,deep house,chill,Ambient intro; beat enters 0:40
Firefly,Glow Demo,130,12A,9,techno,dark,Relentless - short outro
Echoes,Test Pattern,123,8A,5,house,dark,Vocals at 1:00
Slow Burn,Deep Blue Demo,62,8A,4,hip hop,chill,Half-time - mixes with ~124 BPM tracks
Rise Up,Uplift,127,12B,8,progressive house,happy,Anthem vocal at 1:15
Cool Down,Closing Time,118,7B,3,deep house,happy,Perfect closer - 1 min outro
Bassline Theory,Low End Demo,125,10B,7,tech house,happy,Heavy bass - EQ the lows when mixing
Starlight,City Lights Demo,120,9B,4,house,happy,Vocals from 0:20
